{"cameraMode":{"drawMode":0,"name":"Shaded","section":"Shading Mode"},"sceneLighting":false,"audioPlay":false,"sceneViewState":{"m_AlwaysRefresh":false,"showFog":true,"showSkybox":false,"showFlares":true,"showImageEffects":true,"showParticleSystems":true,"showVisualEffectGraphs":true,"m_FxEnabled":true},"in2DMode":false,"pivot":{"x":0.9029044508934021,"y":0.5336771607398987,"z":4.772820472717285},"rotation":{"x":0.23722830414772035,"y":-0.16229796409606934,"z":0.04023372009396553,"w":0.9569564461708069},"size":9.604747772216797,"orthographic":true}