{"cameraMode":{"drawMode":0,"name":"Shaded","section":"Shading Mode"},"sceneLighting":false,"audioPlay":false,"sceneViewState":{"m_AlwaysRefresh":false,"showFog":true,"showSkybox":false,"showFlares":true,"showImageEffects":true,"showParticleSystems":true,"showVisualEffectGraphs":true,"m_FxEnabled":true},"in2DMode":false,"pivot":{"x":0.7953128814697266,"y":0.29999998211860659,"z":4.949999809265137},"rotation":{"x":0.0704241469502449,"y":-0.20352771878242494,"z":0.01467937882989645,"w":0.9764229655265808},"size":1.6749125719070435,"orthographic":true}