{"cameraMode":{"drawMode":0,"name":"Shaded","section":"Shading Mode"},"sceneLighting":false,"audioPlay":false,"sceneViewState":{"m_AlwaysRefresh":false,"showFog":true,"showSkybox":false,"showFlares":true,"showImageEffects":true,"showParticleSystems":true,"showVisualEffectGraphs":true,"m_FxEnabled":true},"in2DMode":false,"pivot":{"x":-0.10422611236572266,"y":0.5821328163146973,"z":0.09562110900878906},"rotation":{"x":-0.1233900785446167,"y":-0.47732818126678469,"z":0.06790313869714737,"w":-0.867367148399353},"size":0.6532435417175293,"orthographic":false}